Chain,Residue,Dihedral,Label,Toxin Frequency,Control Frequency,Difference
PROA,G1,psi,PROA:G1_psi,76.9,20.4,56.50000000000001
PROD,G1,psi,PROD:G1_psi,78.5,22.2,56.3
PROD,G1,carbonyl,PROD:G1_carbonyl,73.0,20.0,53.0
PROA,G1,carbonyl,PROA:G1_carbonyl,72.8,22.0,50.8
PROA,V,psi,PROA:V_psi,42.9,5.2,37.699999999999996
PROA,V,carbonyl,PROA:V_carbonyl,42.7,5.8,36.900000000000006
PROC,G1,psi,PROC:G1_psi,41.1,77.4,-36.300000000000004
PROC,G1,carbonyl,PROC:G1_carbonyl,38.2,68.0,-29.799999999999997
PROD,V,carbonyl,PROD:V_carbonyl,30.0,6.0,24.0
PROD,V,psi,PROD:V_psi,27.2,5.6,21.6
PROB,Y,psi,PROB:Y_psi,2.0,21.8,-19.8
PROB,Y,carbonyl,PROB:Y_carbonyl,3.3,20.6,-17.3
PROD,Y,psi,PROD:Y_psi,56.1,72.6,-16.499999999999993
PROB,G1,carbonyl,PROB:G1_carbonyl,37.7,21.8,15.900000000000002
PROC,V,carbonyl,PROC:V_carbonyl,14.5,30.0,-15.5
PROC,V,psi,PROC:V_psi,12.2,26.6,-14.400000000000002
PROB,G1,psi,PROB:G1_psi,37.5,23.2,14.3
PROA,G2,carbonyl,PROA:G2_carbonyl,34.5,20.8,13.7
PROC,G2,carbonyl,PROC:G2_carbonyl,10.6,23.8,-13.200000000000001
PROB,G2,carbonyl,PROB:G2_carbonyl,29.8,17.8,12.0
PROD,G2,carbonyl,PROD:G2_carbonyl,38.1,28.4,9.700000000000003
PROA,Y,carbonyl,PROA:Y_carbonyl,16.8,7.2,9.600000000000001
PROB,V,carbonyl,PROB:V_carbonyl,14.5,6.2,8.3
PROA,Y,psi,PROA:Y_psi,13.0,5.4,7.6
PROB,V,psi,PROB:V_psi,11.5,5.4,6.1
PROD,Y,carbonyl,PROD:Y_carbonyl,61.6,67.0,-5.399999999999999
PROC,Y,psi,PROC:Y_psi,1.4,3.2,-1.8000000000000003
PROC,Y,carbonyl,PROC:Y_carbonyl,3.4,4.4,-1.0000000000000004
PROB,T,carbonyl,PROB:T_carbonyl,3.9,3.0,0.8999999999999999
PROC,T,carbonyl,PROC:T_carbonyl,4.4,5.2,-0.7999999999999998
PROD,T,carbonyl,PROD:T_carbonyl,6.6,5.8,0.7999999999999998
PROA,T,carbonyl,PROA:T_carbonyl,4.1,3.4,0.6999999999999997
PROA,T,psi,PROA:T_psi,1.5,1.8,-0.30000000000000004
PROC,T,psi,PROC:T_psi,2.5,2.6,-0.10000000000000009
PROB,T,psi,PROB:T_psi,2.9,3.0,-0.10000000000000009
PROD,T,psi,PROD:T_psi,4.3,4.2,0.09999999999999964
